acc,mem,total,max_epoch
0.0,0.0,4000,1
0.012750000692903996,0.0035880550276488066,4000,2
0.05650000274181366,0.02291359193623066,4000,3
0.1355000138282776,0.06992164999246597,4000,4
0.2472500056028366,0.15505847334861755,4000,5
0.3882500231266022,0.28470534086227417,4000,6
0.5532500147819519,0.4647212326526642,4000,7
0.7087500095367432,0.6540706157684326,4000,8
0.8195000290870667,0.7985466122627258,4000,9
0.8727500438690186,0.8705801963806152,4000,10
