acc,mem,total,max_epoch
0.0,0.0,4000,1
0.012500000186264515,0.0035426365211606026,4000,2
0.0560000017285347,0.022527534514665604,4000,3
0.1342500001192093,0.06876348704099655,4000,4
0.24375000596046448,0.15246962010860443,4000,5
0.38625001907348633,0.2841830253601074,4000,6
0.550000011920929,0.46308618783950806,4000,7
0.7012500166893005,0.6479164361953735,4000,8
0.8127500414848328,0.7931872606277466,4000,9
0.8665000200271606,0.8653571009635925,4000,10
