acc,mem,total,max_epoch
0,0,4000,1
0.012,0.00354264,4000,2
0.0515,0.02107415,4000,3
0.12525001,0.06422164,4000,4
0.22750001,0.14229590,4000,5
0.35725001,0.26131487,4000,6
0.50800002,0.42693311,4000,7
0.64175004,0.59339160,4000,8
0.73025006,0.71393210,4000,9
0.76100004,0.76464176,4000,10
